{"_wandb":{"runtime":771},"_timestamp":1.7654873528797128e+09,"eval/runtime":6.0235,"train_samples_per_second":3.39,"train/global_step":165,"train/epoch":5,"eval/samples_per_second":9.795,"_step":198,"train_loss":0.8510072252967141,"_runtime":771,"train/loss":0.4641,"eval/loss":0.8109758496284485,"train/learning_rate":1.2903225806451614e-06,"total_flos":4.525632808599552e+16,"train/grad_norm":0.6111046075820923,"train_runtime":772.7513,"eval/steps_per_second":2.49,"train_steps_per_second":0.214}