{"_runtime":499,"train/learning_rate":1.7391304347826088e-06,"_timestamp":1.7654008207681158e+09,"train/epoch":5,"total_flos":3.090313842060288e+16,"_wandb":{"runtime":499},"train_samples_per_second":3.888,"eval/loss":0.8934180736541748,"train_runtime":500.2535,"eval/samples_per_second":10.076,"train_steps_per_second":0.25,"train/grad_norm":0.7324700951576233,"train_loss":1.2068857197761536,"_step":150,"train/loss":0.5151,"eval/steps_per_second":2.519,"train/global_step":125,"eval/runtime":4.3669}