{"train_steps_per_second":0.232,"train/learning_rate":1.7391304347826088e-06,"train_loss":0.9739552183151245,"train_runtime":539.6686,"_runtime":538,"train/epoch":5,"_step":150,"eval/samples_per_second":8.027,"eval/steps_per_second":2.007,"_timestamp":1.7653966233253582e+09,"train/loss":0.391,"train_samples_per_second":3.604,"eval/loss":0.8033132553100586,"_wandb":{"runtime":538},"total_flos":3.1639838544543744e+16,"eval/runtime":5.4814,"train/grad_norm":0.8999853134155273,"train/global_step":125}