{"train/global_step":125,"eval/runtime":5.6472,"train_loss":0.9536143040657044,"train/learning_rate":1.7391304347826088e-06,"total_flos":3.210273690264883e+16,"_step":150,"_runtime":684,"train_samples_per_second":2.839,"eval/samples_per_second":7.791,"train_steps_per_second":0.182,"_timestamp":1.7653987691373022e+09,"eval/loss":0.9933927655220032,"train/epoch":5,"eval/steps_per_second":1.948,"train/loss":0.2768,"train_runtime":685.079,"train/grad_norm":1.2913038730621338,"_wandb":{"runtime":684}}