{"_step":150,"train/global_step":125,"train/learning_rate":1.7391304347826088e-06,"_runtime":488,"train/epoch":5,"train_steps_per_second":0.256,"_timestamp":1.765397818141918e+09,"eval/steps_per_second":2.241,"eval/runtime":4.9082,"train_loss":1.1269978158473968,"train_samples_per_second":3.977,"eval/samples_per_second":8.965,"total_flos":2.877509907377357e+16,"_wandb":{"runtime":488},"train/grad_norm":1.0671520233154297,"train/loss":0.4123,"train_runtime":489.113,"eval/loss":0.9812025427818298}