{"_step":130,"total_flos":5.48431263653376e+15,"_runtime":106,"train/global_step":125,"_timestamp":1.76538645441554e+09,"train_steps_per_second":1.159,"train_samples_per_second":18.04,"eval/runtime":1.2963,"train/epoch":5,"_wandb":{"runtime":106},"train/learning_rate":1.7391304347826088e-06,"train/grad_norm":0.6056819558143616,"train_runtime":107.8144,"train_loss":1.3073599309921264,"eval/steps_per_second":8.485,"train/loss":0.7021,"eval/samples_per_second":33.942,"eval/loss":0.9914049506187439}