{"_wandb":{"runtime":221},"eval/runtime":1.8675,"train/loss":0.6594,"train/global_step":125,"train_steps_per_second":0.562,"train_samples_per_second":8.747,"train_runtime":222.3644,"train/epoch":5,"eval/loss":1.092292070388794,"_runtime":221,"eval/steps_per_second":5.89,"_step":150,"train_loss":1.4377463765144347,"train/grad_norm":0.6218556761741638,"eval/samples_per_second":23.56,"train/learning_rate":1.7391304347826088e-06,"total_flos":1.3173834057043968e+16,"_timestamp":1.7654830900512898e+09}