{"total_flos":5.627406726208512e+16,"train_steps_per_second":0.126,"train/loss":0.3789,"train/grad_norm":0.8121489882469177,"_runtime":990,"train_samples_per_second":1.963,"train_runtime":991.0629,"train/epoch":5,"train_loss":1.024226321220398,"train/learning_rate":1.7391304347826088e-06,"_step":150,"eval/loss":0.847460925579071,"_wandb":{"runtime":990},"_timestamp":1.7653919815945482e+09,"eval/samples_per_second":4.38,"eval/steps_per_second":1.095,"eval/runtime":10.0451,"train/global_step":125}