{"_timestamp":1.7653957143737695e+09,"train_samples_per_second":3.885,"train_loss":1.117816087245941,"train/learning_rate":1.7391304347826088e-06,"train_steps_per_second":0.25,"train/grad_norm":0.9310542941093445,"eval/samples_per_second":8.956,"train/global_step":125,"_step":150,"eval/steps_per_second":2.239,"total_flos":2.85265115718912e+16,"eval/runtime":4.9127,"train/epoch":5,"train_runtime":500.6807,"eval/loss":0.8869194388389587,"_runtime":499,"train/loss":0.4243,"_wandb":{"runtime":499}}