{"train/epoch":5,"_runtime":135,"_timestamp":1.7653866693534167e+09,"train/grad_norm":0.7150459885597229,"train_runtime":136.7596,"train_steps_per_second":0.914,"eval/loss":0.9929920434951782,"_step":150,"train/loss":0.6139,"total_flos":5.4598787437824e+15,"train/global_step":125,"eval/steps_per_second":8.396,"train_samples_per_second":14.222,"eval/samples_per_second":33.583,"train/learning_rate":1.7391304347826088e-06,"eval/runtime":1.3102,"_wandb":{"runtime":135},"train_loss":1.3042492427825927}