{"_step":150,"train_samples_per_second":4.691,"_wandb":{"runtime":413},"eval/samples_per_second":10.751,"_timestamp":1.7654845202039597e+09,"eval/runtime":4.0926,"train_runtime":414.5959,"eval/loss":0.9980940222740173,"_runtime":413,"train/learning_rate":1.7391304347826088e-06,"total_flos":2.496675600121037e+16,"train/loss":0.5011,"train/grad_norm":1.1447559595108032,"train/global_step":125,"eval/steps_per_second":2.688,"train_loss":1.1521989760398865,"train/epoch":5,"train_steps_per_second":0.301}