{"train/loss":0.705,"train_runtime":110.6423,"eval/runtime":1.3008,"_runtime":109,"train_samples_per_second":17.579,"eval/samples_per_second":33.826,"total_flos":5.48431263653376e+15,"_wandb":{"runtime":109},"eval/steps_per_second":8.457,"train_steps_per_second":1.13,"_timestamp":1.765385637350211e+09,"train_loss":1.3072652955055237,"_step":130,"train/global_step":125,"eval/loss":0.9922265410423279,"train/grad_norm":0.612322986125946,"train/learning_rate":1.7391304347826088e-06,"train/epoch":5}