{"eval/loss":0.8747314810752869,"train_loss":1.2040783758163451,"total_flos":1.2024697484316672e+16,"eval/steps_per_second":4.354,"train/epoch":5,"train/loss":0.5125,"eval/runtime":2.5266,"eval/samples_per_second":17.415,"train/learning_rate":1.7391304347826088e-06,"train/grad_norm":0.7673066258430481,"_wandb":{"runtime":238},"_timestamp":1.7653938125532882e+09,"train_steps_per_second":0.521,"train_samples_per_second":8.112,"_step":150,"train_runtime":239.758,"train/global_step":125,"_runtime":238}