{"train/learning_rate":1.7391304347826088e-06,"train_runtime":285.7533,"train/grad_norm":0.49325674772262573,"_step":150,"_runtime":284,"train_steps_per_second":0.437,"eval/steps_per_second":4.463,"train/global_step":125,"train/loss":0.5147,"_timestamp":1.7653942066713622e+09,"train/epoch":5,"total_flos":1.695975586753536e+16,"eval/samples_per_second":17.85,"train_loss":1.1899646782875062,"eval/runtime":2.4649,"eval/loss":0.861399233341217,"train_samples_per_second":6.807,"_wandb":{"runtime":284}}