{"eval/runtime":5.9501,"_runtime":717,"train/epoch":4.458015267175573,"train/loss":0.3198,"eval/samples_per_second":9.916,"train/grad_norm":0.5216513872146606,"train/learning_rate":0.00011499999999999999,"eval/loss":0.7845313549041748,"_wandb":{"runtime":717},"train/global_step":147,"_timestamp":1.7654881160722973e+09,"_step":175,"eval/steps_per_second":2.521}