{"eval/samples_per_second":10.969,"train/learning_rate":1.7391304347826088e-06,"train_runtime":449.4025,"train_loss":0.964389554977417,"eval/loss":1.0214438438415527,"train_samples_per_second":4.328,"_wandb":{"runtime":448},"train/loss":0.2587,"_runtime":448,"eval/runtime":4.0114,"_timestamp":1.7654027166848705e+09,"train/grad_norm":1.1914678812026978,"_step":150,"eval/steps_per_second":2.742,"train/global_step":125,"total_flos":2.670793969279795e+16,"train_steps_per_second":0.278,"train/epoch":5}