{"train/epoch":10,"train_loss":0.08976645012541364,"_timestamp":1.7655521164802175e+09,"eval/steps_per_second":3.305,"train_runtime":1163.3245,"eval/samples_per_second":12.998,"eval/loss":0.15586845576763153,"train_steps_per_second":0.284,"eval/runtime":4.5392,"_step":396,"train/learning_rate":6.25e-07,"_wandb":{"runtime":1162},"train/grad_norm":0.08671284466981888,"train_samples_per_second":4.504,"total_flos":9.054727538009702e+16,"train/global_step":330,"_runtime":1162,"train/loss":0.0055}